comparison	ABC_median	GCB_median	difference_ABC_minus_GCB	p_value
ABC_vs_GCB	4.310967876615518	4.193708862622995	0.11725901399252248	0.8804783234877389
